[
    { "text": "(GMT-12:00) International Date Line West", "utc": ["Etc/GMT+12"] },
    { "text": "(GMT-11:00) Midway Island, Samoa", "utc": ["Pacific/Midway", "Pacific/Samoa"] },
    { "text": "(GMT-10:00) Hawaii", "utc": ["Pacific/Honolulu"] },
    { "text": "(GMT-09:00) Alaska", "utc": ["US/Alaska"] },
    { "text": "(GMT-08:00) Pacific Time (US & Canada)", "utc": ["America/Los_Angeles"] },
    { "text": "(GMT-07:00) Mountain Time (US & Canada)", "utc": ["America/Denver"] },
    { "text": "(GMT-06:00) Central Time (US & Canada), Mexico City", "utc": ["America/Chicago", "America/Mexico_City"] },
    { "text": "(GMT-05:00) Eastern Time (US & Canada), Bogota, Lima", "utc": ["America/New_York", "America/Bogota", "America/Lima"] },
    { "text": "(GMT-04:00) Atlantic Time (Canada), Caracas, La Paz", "utc": ["America/Halifax", "America/Caracas", "America/La_Paz"] },
    { "text": "(GMT-03:30) Newfoundland", "utc": ["America/St_Johns"] },
    { "text": "(GMT-03:00) Brazil, Buenos Aires, Georgetown", "utc": ["America/Sao_Paulo", "America/Argentina/Buenos_Aires"] },
    { "text": "(GMT-02:00) Mid-Atlantic", "utc": ["America/Noronha"] },
    { "text": "(GMT-01:00) Azores, Cape Verde Islands", "utc": ["Atlantic/Azores", "Atlantic/Cape_Verde"] },
    { "text": "(GMT+00:00) Western Europe Time, London, Lisbon, Casablanca", "utc": ["Europe/London", "Europe/Lisbon", "Africa/Casablanca"] },
    { "text": "(GMT+01:00) Brussels, Copenhagen, Madrid, Paris", "utc": ["Europe/Brussels", "Europe/Copenhagen", "Europe/Madrid", "Europe/Paris"] },
    { "text": "(GMT+02:00) Kaliningrad, South Africa", "utc": ["Europe/Kaliningrad", "Africa/Johannesburg"] },
    { "text": "(GMT+03:00) Baghdad, Riyadh, Moscow, St. Petersburg", "utc": ["Asia/Baghdad", "Asia/Riyadh", "Europe/Moscow"] },
    { "text": "(GMT+03:00) Istanbul", "utc": ["Europe/Istanbul"] },
    { "text": "(GMT+03:30) Tehran", "utc": ["Asia/Tehran"] },
    { "text": "(GMT+04:00) Abu Dhabi, Muscat, Baku, Tbilisi", "utc": ["Asia/Dubai", "Asia/Muscat", "Asia/Baku", "Asia/Tbilisi"] },
    { "text": "(GMT+04:30) Kabul", "utc": ["Asia/Kabul"] },
    { "text": "(GMT+05:00) Ekaterinburg, Islamabad, Karachi, Tashkent", "utc": ["Asia/Yekaterinburg", "Asia/Karachi"] },
    { "text": "(GMT+05:30) Bombay, Calcutta, Madras, New Delhi", "utc": ["Asia/Kolkata"] },
    { "text": "(GMT+05:45) Kathmandu", "utc": ["Asia/Kathmandu"] },
    { "text": "(GMT+06:00) Almaty, Dhaka, Colombo", "utc": ["Asia/Almaty", "Asia/Dhaka", "Asia/Colombo"] },
    { "text": "(GMT+06:30) Yangon, Mandalay", "utc": ["Asia/Yangon"] },
    { "text": "(GMT+07:00) Bangkok, Hanoi, Jakarta", "utc": ["Asia/Bangkok", "Asia/Hanoi", "Asia/Jakarta"] },
    { "text": "(GMT+08:00) Beijing, Perth, Singapore, Hong Kong", "utc": ["Asia/Shanghai", "Australia/Perth", "Asia/Singapore"] },
    { "text": "(GMT+09:00) Tokyo, Seoul, Osaka, Sapporo, Yakutsk", "utc": ["Asia/Tokyo", "Asia/Seoul"] },
    { "text": "(GMT+09:30) Adelaide, Darwin", "utc": ["Australia/Adelaide", "Australia/Darwin"] },
    { "text": "(GMT+10:00) Eastern Australia, Guam, Vladivostok", "utc": ["Australia/Brisbane", "Pacific/Guam", "Asia/Vladivostok"] },
    { "text": "(GMT+11:00) Magadan, Solomon Islands, New Caledonia", "utc": ["Asia/Magadan", "Pacific/Guadalcanal"] },
    { "text": "(GMT+12:00) Auckland, Wellington, Fiji, Kamchatka", "utc": ["Pacific/Auckland", "Pacific/Fiji"] }
]